date,open,high,low,close,volume
2024-01-01,1700.0,1703.02,1698.35,1702.87,2892843.0
2024-01-02,1702.87,1711.45,1697.52,1707.39,2347755.0
2024-01-03,1707.39,1707.57,1705.25,1706.56,4021421.0
2024-01-04,1706.56,1707.76,1695.11,1699.01,4179766.0
2024-01-05,1699.01,1702.55,1689.9,1694.76,2025995.0
2024-01-06,1694.76,1704.65,1692.72,1700.46,2621918.0
2024-01-07,1700.46,1710.75,1699.9,1708.73,2386866.0
2024-01-08,1708.73,1718.76,1703.89,1715.14,4918927.0
2024-01-09,1715.14,1722.1,1712.87,1716.26,4208163.0
2024-01-10,1716.26,1726.07,1711.09,1722.36,4309409.0
2024-01-11,1722.36,1726.61,1720.99,1726.33,3157552.0
2024-01-12,1726.33,1727.73,1719.08,1719.69,3111894.0
2024-01-13,1719.69,1724.69,1717.47,1722.5,2838028.0
2024-01-14,1722.5,1728.12,1715.15,1719.04,4436524.0
2024-01-15,1719.04,1723.41,1712.96,1713.95,3517822.0
2024-01-16,1713.95,1726.61,1710.6,1722.77,4738457.0
2024-01-17,1722.77,1733.75,1721.39,1729.1,2128401.0
2024-01-18,1729.1,1730.7,1725.19,1726.46,5771639.0
2024-01-19,1726.46,1735.24,1722.53,1733.36,3582528.0
2024-01-20,1733.36,1743.66,1731.77,1740.9,2986510.0
2024-02-01,1740.9,1744.02,1737.4,1742.45,5591292.0
2024-02-02,1742.45,1743.76,1735.25,1741.24,4038105.0
2024-02-03,1741.24,1741.52,1734.12,1734.78,4509784.0
2024-02-04,1734.78,1742.78,1734.4,1740.25,3526477.0
2024-02-05,1740.25,1752.36,1734.42,1749.18,5443119.0
2024-02-06,1749.18,1753.51,1737.29,1741.38,4147881.0
2024-02-07,1741.38,1745.22,1737.24,1737.91,3739061.0
2024-02-08,1737.91,1743.64,1732.37,1737.63,3053556.0
2024-02-09,1737.63,1739.21,1732.15,1738.14,5482074.0
2024-02-10,1738.14,1741.97,1731.56,1735.21,2611357.0
2024-02-11,1735.21,1743.41,1730.54,1740.17,4121415.0
2024-02-12,1740.17,1742.12,1732.07,1732.18,5716394.0
2024-02-13,1732.18,1744.11,1730.34,1739.12,2231701.0
2024-02-14,1739.12,1751.73,1738.61,1746.05,3943962.0
2024-02-15,1746.05,1750.61,1734.63,1739.22,2513566.0
2024-02-16,1739.22,1742.6,1737.63,1739.3,5489732.0
2024-02-17,1739.3,1740.57,1735.26,1738.5,4919724.0
2024-02-18,1738.5,1740.37,1727.94,1733.92,4599512.0
2024-02-19,1733.92,1737.02,1732.64,1733.36,2898789.0
2024-02-20,1733.36,1736.89,1729.73,1731.11,2880870.0
2024-03-01,1731.11,1734.9,1722.94,1724.32,5621680.0
2024-03-02,1724.32,1731.36,1722.89,1730.93,4675911.0
2024-03-03,1730.93,1731.73,1720.96,1726.57,4284172.0
2024-03-04,1726.57,1731.32,1721.73,1726.61,2761640.0
2024-03-05,1726.61,1729.2,1717.72,1720.26,3868099.0
2024-03-06,1720.26,1728.69,1714.35,1724.65,2393671.0
2024-03-07,1724.65,1726.69,1718.33,1723.5,2994625.0
2024-03-08,1723.5,1726.19,1716.2,1718.73,3114181.0
2024-03-09,1718.73,1724.27,1712.32,1714.98,5445396.0
2024-03-10,1714.98,1716.64,1708.98,1716.33,5344110.0
2024-03-11,1716.33,1730.36,1711.24,1724.8,2665244.0
2024-03-12,1724.8,1726.34,1722.4,1725.06,2234542.0
2024-03-13,1725.06,1730.97,1721.91,1723.5,5136282.0
2024-03-14,1723.5,1726.04,1717.49,1723.24,5981691.0
2024-03-15,1723.24,1729.0,1722.31,1724.69,3186831.0
2024-03-16,1724.69,1736.63,1721.43,1733.15,4991902.0
2024-03-17,1733.15,1736.66,1723.11,1726.13,5410880.0
2024-03-18,1726.13,1731.89,1720.32,1720.8,2743300.0
2024-03-19,1720.8,1726.97,1719.39,1722.92,2479546.0
2024-03-20,1722.92,1731.53,1719.35,1730.05,4477526.0
2024-04-01,1730.05,1733.55,1726.04,1729.18,5738825.0
2024-04-02,1729.18,1733.48,1723.22,1724.65,3583143.0
2024-04-03,1724.65,1729.87,1722.76,1728.07,5007458.0
2024-04-04,1728.07,1730.82,1715.31,1721.3,5984386.0
2024-04-05,1721.3,1722.58,1712.96,1714.55,5733038.0
2024-04-06,1714.55,1726.8,1712.33,1721.52,2630987.0
2024-04-07,1721.52,1731.92,1717.85,1727.7,5948932.0
2024-04-08,1727.7,1730.86,1722.8,1730.82,3197515.0
2024-04-09,1730.82,1739.73,1730.01,1734.09,2461715.0
2024-04-10,1734.09,1737.41,1726.28,1727.91,4419319.0
2024-04-11,1727.91,1733.33,1724.11,1732.11,3055936.0
2024-04-12,1732.11,1737.85,1727.04,1732.42,2369194.0
2024-04-13,1732.42,1734.08,1731.6,1731.62,5084477.0
2024-04-14,1731.62,1736.02,1727.17,1734.45,4206722.0
2024-04-15,1734.45,1734.51,1733.27,1733.72,5532426.0
2024-04-16,1733.72,1744.36,1728.71,1741.09,4330038.0
2024-04-17,1741.09,1741.85,1733.75,1735.6,5595926.0
2024-04-18,1735.6,1746.3,1730.21,1741.14,2840306.0
2024-04-19,1741.14,1741.75,1732.7,1737.38,5536539.0
2024-04-20,1737.38,1741.1,1735.36,1736.29,5719524.0
2024-05-01,1736.29,1748.84,1731.42,1742.99,5525665.0
2024-05-02,1742.99,1747.41,1733.41,1735.41,5723264.0
2024-05-03,1735.41,1746.23,1730.54,1741.05,3067223.0
2024-05-04,1741.05,1747.08,1735.81,1746.43,5434373.0
2024-05-05,1746.43,1751.33,1739.45,1742.21,3220763.0
2024-05-06,1742.21,1749.1,1742.07,1747.73,2772519.0
2024-05-07,1747.73,1752.92,1739.51,1745.31,3116500.0
2024-05-08,1745.31,1750.62,1739.43,1748.22,4144863.0
2024-05-09,1748.22,1756.88,1742.4,1756.19,2714271.0
2024-05-10,1756.19,1766.14,1755.54,1764.55,3738255.0
2024-05-11,1764.55,1770.82,1760.91,1768.93,4045692.0
2024-05-12,1768.93,1772.39,1765.95,1767.48,4835141.0
2024-05-13,1767.48,1773.04,1756.28,1759.51,4877720.0
2024-05-14,1759.51,1768.15,1757.33,1764.12,2279895.0
2024-05-15,1764.12,1769.4,1762.24,1767.42,5392061.0
2024-05-16,1767.42,1773.45,1765.56,1771.65,3633572.0
2024-05-17,1771.65,1773.43,1769.73,1770.49,3681785.0
2024-05-18,1770.49,1782.54,1765.08,1778.48,4462060.0
2024-05-19,1778.48,1781.77,1775.59,1775.6,3147655.0
2024-05-20,1775.6,1779.08,1770.98,1774.9,3859953.0
2024-06-01,1774.9,1776.19,1771.58,1774.42,5604723.0
2024-06-02,1774.42,1780.97,1773.91,1779.95,4061808.0
2024-06-03,1779.95,1784.72,1775.04,1782.71,5004553.0
2024-06-04,1782.71,1787.5,1781.52,1786.15,2097702.0
2024-06-05,1786.15,1789.0,1777.21,1782.31,2291313.0
2024-06-06,1782.31,1786.09,1780.19,1781.36,4785417.0
2024-06-07,1781.36,1783.23,1777.42,1781.76,2022179.0
2024-06-08,1781.76,1791.15,1781.12,1786.53,3700585.0
2024-06-09,1786.53,1792.28,1778.41,1781.52,2200874.0
2024-06-10,1781.52,1786.61,1775.02,1777.76,5205666.0
2024-06-11,1777.76,1787.03,1774.18,1781.1,5800158.0
2024-06-12,1781.1,1791.93,1776.79,1788.26,4019113.0
2024-06-13,1788.26,1797.67,1782.88,1794.38,4974622.0
2024-06-14,1794.38,1796.0,1792.9,1794.45,4550646.0
2024-06-15,1794.45,1802.59,1790.69,1799.47,3098390.0
2024-06-16,1799.47,1801.18,1791.15,1792.78,3278838.0
2024-06-17,1792.78,1794.8,1791.4,1793.97,4775799.0
2024-06-18,1793.97,1798.36,1791.52,1797.98,4170445.0
2024-06-19,1797.98,1799.22,1794.52,1797.04,5619354.0
2024-06-20,1797.04,1803.15,1791.9,1798.97,5062378.0
